Org Unit,First Name,Last Name,Nickname,Title,Client Name,Account Type,Email Consent Type,Direct Phone,Main Phone,Cell Phone,Permanent Address 1,Permanent Address City,Permanent Address State,It's Possible,Permanent Address Zip,Last Activity,Date Created,Department,Resource,Co-Resource,Dee is the Best,Primary E-mail,Contact Id,Record Status,Score,Social Networking URL #1,Skills,Industries,Distance
CA187 - Los Angeles Downtown OFFICE,Kaaaaaa,Zaaaaaa,Kaaaaaa1,President,The Za,Prospect,No Value Selected,,(323) 596-0000 Ext. 5510,,1625 W. Vaaaaaaa,New York,NY,1000,90062,7/18/2018 5:45:59 PM,10/11/2016 10:11:56 PM,,TG 1,,777,Kar@thesa.com,53638859,Active,0,,,Consulting,0
CA187 - Los Angeles Downtown OFFICE,Abbbb,Mbbbbbbb,Abbbb2,Project Manager,"Co Co, Inc.",Prospect,No Value Selected,,(323) 295-0000,,1973 W. ,New York,NY,1001,90062,7/18/2018 5:46:59 PM,8/30/2016 6:58:26 PM,,TG 2,,778,A@CC.com,53027149,Active,0,,,Building & Construction,0
CA187 - Los Angeles Downtown OFFICE,Accccc,Sccccc,Accccc3,,"Co Co, Inc.",Prospect,No Value Selected,,(323) 295-0000,,1974 W.,New York,NY,1002,90062,7/18/2018 5:44:24 PM,8/30/2016 6:57:22 PM,,TG 3,,779,Al@cnc.com,53027140,Active,0,,,Building & Construction,0
CA187 - Los Angeles Downtown OFFICE,Cddddd,Jdddddd,Cddddd4,Office Manager,"Co Co, Inc.",Prospect,No Value Selected,(323) 000-0000,0,,1975 W.,New York,NY,1003,90062,7/18/2018 5:44:34 PM,8/30/2016 6:56:14 PM,,TG 4,,780,C@Cnc.com,53027114,Active,0,,,Building & Construction,0
CA187 - Los Angeles Downtown OFFICE,Seeeee,Ceeeee,Seeeee5,CEO & President,"Co Co, Inc.",Prospect,No Value Selected,,(323) 295-0000 Ext. 101,,1976 W.,New York,NY,1004,90062,6/12/2018 4:00:28 PM,8/30/2016 6:54:42 PM,,TG 5,,781,S@coco.com,53027083,Active,0,,,Building & Construction,0
CA187 - Los Angeles Downtown OFFICE,Rffffffff,Fffffff,Rffffffff6,Executive VP HR,Ste Inc.,Prospect,No Value Selected,,(323) 296-0000,,1409 W. ,New York,NY,1005,90062,11/20/2018 2:16:47 PM,6/9/2016 8:50:02 PM,,TG 6,,782,R@st.org,51740746,Active,0,,,Charitable/Not for Profit,0
CA187 - Los Angeles Downtown OFFICE,Gggggg,Dgggggg,Gggggg7,Assistant VP HR,Ste Inc.,Prospect,No Value Selected,,(323) 296-0000,,1410 W.,New York,NY,1006,90062,11/20/2018 2:16:39 PM,6/9/2016 8:49:15 PM,,TG 7,,783,G@st.org,51740735,Active,0,,,Charitable/Not for Profit,0
CA187 - Los Angeles Downtown OFFICE,Khhhhh,Rhhhhh,Khhhhh8,Treasurer,Ste Inc.,Prospect,No Value Selected,,(323) 296-0000,,1411 W.,New York,NY,1007,90062,9/26/2018 8:07:35 PM,6/9/2016 8:48:12 PM,,TG 8,,784,K@st.org,51740723,Active,0,,,Charitable/Not for Profit,0
CA187 - Los Angeles Downtown OFFICE,Aiiiiiiii,Eiiiiii,Aiiiiiiii9,Data & Referral Clerk,T.H.E. C Inc.,Prospect,No Value Selected,,(323) 720-0000,,3834 S. W,New York,NY,1008,90062,7/18/2018 5:40:42 PM,5/12/2016 8:52:52 PM,,TG 9,,785,A@thec.org,51345427,Active,0,,,Medical,0
CA187 - Los Angeles Downtown OFFICE,Ljjjjjjjjjj,Rjjjjjjjjj,Ljjjjjjjjjj10,Billing Manager,T.H.E. C Inc.,Prospect,No Value Selected,,(323) 720-0000,,3835 S. W,New York,NY,1009,90062,7/18/2018 5:40:34 PM,5/12/2016 8:49:44 PM,,TG 10,,786,LR@thec.org,51345394,Active,0,,,Medical,0
CA187 - Los Angeles Downtown OFFICE,Tkkkkkkk,Kkkkkk,Tkkkkkkk11,VP and CFO,T.H.E. C Inc.,Prospect,No Value Selected,,(323) 720-0000,,3836 S. W,New York,NY,1010,90062,8/17/2018 7:51:07 PM,5/12/2016 8:48:53 PM,,TG 11,,787,TK@thecl.org,51345383,Active,0,,,Medical,0
CA187 - Los Angeles Downtown OFFICE,Lllllllll,Mlllll,Lllllllll12,"Director, Human Resources",T.H.E. C Inc.,Prospect,No Value Selected,,(323) 720-0000 Ext. 3235,,3837 S. W,New York,NY,1011,90062,11/20/2018 2:27:06 PM,5/12/2016 8:47:27 PM,,TG 12,,788,Lm@thecliorg,51345376,Active,0,,,Medical,0
CA187 - Los Angeles Downtown OFFICE,Gmmmm,Vmmmmm,Gmmmm13,Human Resources,T.H.E. C Inc.,Prospect,No Value Selected,,(323) 720-0000,,3838 S. W,New York,NY,1012,90062,11/20/2018 5:27:15 PM,5/12/2016 8:46:14 PM,,TG 13,,789,GV@thecli.org,51345355,Active,0,,,Medical,0
CA183 - API Los Angeles West,Tnnnnnnn,Annnnn,Tnnnnnnn14,Payroll & HR Generalist,Wi and He Ag,Alumni,No Value Selected,,(310) 394-0000,(323) 781-5078,4211 S. V,New York,NY,1013,90062,11/2/2018 5:31:31 PM,5/11/2016 12:48:28 PM,,TG 14,,790,bt2@gmail.com,51317744,Active,0,,"Accounts Receivable, Accounts Receivable Clerk, ADP PCPW, AR Posting, AR Reconciliation, MAS90, REPORT SMITH",Charitable/Not for Profit,0